"doc_id","文献标题","待核对事项","人工文献类型","人工发布机构","人工发布日期","人工发表年份","核对状态","核对人","核对日期","核对依据（页码/原文链接）","人工备注","原文位置（相对仓库）","原文献类型","原发布机构","原发布日期","原发表年份","原元数据置信度","原来源类型","原准入状态","content_hash"
"doc_00a3e00eaa2d256bf3e2c6a1","PII: 1054-139X(95)00165-O","文献类型未知；元数据置信度低；完整发布日期缺失","review_unspecified","Elsevier Science","","1995","已核对","项目组疫苗导师","2026-9-17","仓库PDF第1、2、3页：文题、摘要/方法及出版栏。","","RAG/疫苗接种政策方案与卫生经济学/青少年乙型肝炎免疫接种.pdf","unknown","unknown","","1995","low","academic_paper","existing_approved","1c7b2f0c8ea3c31209fd945e6fb5fc674296d87275ed838681b2a598e5d10d41"
"doc_077aa38cc9f7eeea11280b86","Addressing Parental Vaccine Hesitancy in Clinical Practice","文献类型未知；元数据置信度低；下载占位，需补原文","unknown","unknown","","","已核对","项目组疫苗导师","2026-9-17","仓库DOCX摘要段：未取得全文，含多篇摘要；仅核对可见书目信息。","","RAG/疫苗犹豫健康科普传播/无权限下载.docx","unknown","unknown","2022-06-06","2022","low","download_placeholder","existing_approved","8e136abb7da0f3b908cbc56d4fc637b83873fb4bb1c8cd0b53fa9560bed0ccb6"
"doc_09975d4442510a3544f9e5f9","Benefit⠍risk evaluation of COVID-19 vaccination in special population groups of interest","文献类型未知；元数据置信度低；完整发布日期缺失","review_unspecified","Elsevier","2022-05-27","2022","已核对","项目组疫苗导师","2026-9-17","仓库PDF第1、2、3页：文题、摘要/方法及出版栏。","","RAG/特殊人群接种策略·/特殊人群COVID-19疫苗接种的益处风险评估.pdf","unknown","Paul Moss","","2020","low","academic_paper","existing_approved","a71a8ba30e503318f413276e1fb9782d6ef2dace113da73fb23b9320229ab338"
"doc_101fe936cbaa21a03b5756bc","Rotavirus Infections: Pathophysiology, Symptoms,and Vaccination","文献类型未知；元数据置信度低；完整发布日期缺失","review_unspecified","MDPI","2025-05-14","2025","已核对","项目组疫苗导师","2026-9-17","仓库PDF第1、2、3页：文题、摘要/方法及出版栏。","","RAG/病原体、疾病负担与疫苗机理/轮状病毒感染：病理生理、症状与疫苗接种.pdf","unknown","Karolina Pawłuszkiewicz, Piotr Józef Ryglowski, Natalia Idzik, Katarzyna Błaszczyszyn, Emilia Kucharczyk, Dagmara Gaweł-Dąbrowska, Marta Siczek, Jarosław Widelski and Emil Paluch","","2025","low","academic_paper","existing_approved","6415692e6b4f11f687a681c96fe3cf9ffca5919c73f47338bdd196663789698b"
"doc_1020482d28b5a5aba566c278","TSWJ5422121 1..10","文献类型未知；元数据置信度低；完整发布日期缺失","cross_sectional","Wiley","","2024","已核对","项目组疫苗导师","2026-9-17","仓库PDF第1、2、3页：文题、摘要/方法及出版栏。","","RAG/权威指南、科普数字化与可视化/医学研究可视化：探讨信息图对专业传播的影响.pdf","unknown","unknown","","2024","low","academic_paper","existing_approved","2c24a6e7c53550b3eebb2d952de7983ffcd16622e021f1aaef5efda94d924888"
"doc_113b7e0275944daeffc5fc3c","疫苗接种的免疫机制","文献类型未知；元数据置信度低；完整发布日期缺失","review_unspecified","Nature America","","2011","已核对","项目组疫苗导师","2026-9-17","仓库PDF第1、2、3页：文题、摘要/方法及出版栏。","","RAG/病原体、疾病负担与疫苗机理/疫苗接种的免疫机制.pdf","unknown","unknown","","2012","low","academic_paper","existing_approved","4e0d50853fb0d70432009a501a3d156accea4f40a980f7c40fbe4c890e4227d7"
"doc_172a9a2693a41e5266308a4a","22种HPV疫苗接种策略的经济评估，旨在降低中国男性癌、肛门癌和口咽癌的风险：马尔可夫模型分析","文献类型未知；元数据置信度低；完整发布日期缺失","unknown","Taylor & Francis","","2026","已核对","项目组疫苗导师","2026-9-17","仓库PDF第1、2、3页：文题、摘要/方法及出版栏。可见内容不足以归入现有分类，保留unknown。","","RAG/疫苗接种政策方案与卫生经济学/22种HPV疫苗接种策略的经济评估，旨在降低中国男性癌、肛门癌和口咽癌的风险：马尔可夫模型分析.pdf","unknown","unknown","","2026","low","academic_paper","existing_approved","3009979dd98ad85504ce15b17f84c257e8592537bd4779fe4e0f8fea46299213"
"doc_1ce3fad1ec6ec58fd73fcff2","Association of parental education with adolescents' COVID-19 vaccine uptake: A nationwide register-based study in Finland","文献类型未知；元数据置信度低；完整发布日期缺失","unknown","Elsevier","2025-08-18","2025","已核对","项目组疫苗导师","2026-9-17","仓库PDF第1、2、3页：文题、摘要/方法及出版栏。可见内容不足以归入现有分类，保留unknown。","","RAG/疫苗犹豫健康科普传播/家长教育与青少年新冠疫苗接种率的关联：芬兰一项全国性注册研究.pdf","unknown","Sanni Variskallio","","2025","low","academic_paper","existing_approved","94b612d95fe4a660a4d147799923962b0ac4ca928a767cbc9cf5dbda4342637a"
"doc_1fdf71a5b48440d2ef67bde4","B cell responses – Cell interaction dynamics and decisions","文献类型未知；元数据置信度低","review_unspecified","unknown","2019-04-18","2019","已核对","项目组疫苗导师","2026-9-17","仓库PDF第1、2、3页：文题、摘要/方法及出版栏。","","RAG/病原体、疾病负担与疫苗机理/B细胞反应.pdf","unknown","Jason G. Cyster, Christopher D.C. Allen","2019-03-01","2019","low","academic_paper","existing_approved","3f694723ab0b82e09b617fe5b9fc3a415fea8468ff6dff8ae954c7c6044040af"
"doc_23203057386989ce99b2eca2","六个欧洲国家麻疹状况与免疫政策的发展","文献类型未知；元数据置信度低；完整发布日期缺失","unknown","Taylor & Francis","","2022","已核对","项目组疫苗导师","2026-9-17","仓库PDF第1、2、3页：文题、摘要/方法及出版栏。可见内容不足以归入现有分类，保留unknown。","","RAG/疫苗接种政策方案与卫生经济学/六个欧洲国家麻疹状况与免疫政策的发展.pdf","unknown","unknown","","2022","low","academic_paper","existing_approved","bbc97957d3aeca83912140520091e059b449b0e6a1e1423793eb3e28cdbb7bc8"
"doc_2457f7f3eceba24183301632","Childhood vaccination hesitancy in Saudi Arabia: are we still facing a problem?","文献类型未知；元数据置信度低；完整发布日期缺失","narrative_review","unknown","","2024","已核对","项目组疫苗导师","2026-9-17","仓库PDF第1、2、3页：文题、摘要/方法及出版栏。","","RAG/疫苗犹豫健康科普传播/沙特阿拉伯儿童疫苗接种犹豫：我们是否仍面临问题？叙事回顾.pdf","unknown","unknown","","2024","low","academic_paper","existing_approved","12fc3edea54b6b61dea877c3ccbd50f5d0078bcb8db603eacc38fa26467e9bbd"
"doc_26a9ad9d2f68dbd4501cc503","MenACWY-CRM疫苗接种后儿童抗体的持久性和加强反应，分别采用两种不同的测定方法评估","文献类型未知；元数据置信度低；完整发布日期缺失","unknown","Elsevier","2019-07-03","2019","已核对","项目组疫苗导师","2026-9-17","仓库PDF第1、2、3页：文题、摘要/方法及出版栏。可见内容不足以归入现有分类，保留unknown。","","RAG/疫苗 有效性与免疫持久性/MenACWY-CRM疫苗接种后儿童抗体的持久性和加强反应，分别采用两种不同的测定方法评估.pdf","unknown","unknown","","2019","low","academic_paper","existing_approved","6a24efd954ecce98b7c968aaa7270d71283617c40103396821113a8bc6e78b10"
"doc_2e650b6e5f5be3948529bc4a","Structure-Guided Design of a Broadly Cross-Reactive Multivalent Group A Streptococcal Vaccine","文献类型未知；元数据置信度低","unknown","unknown","2023-09-15","2023","已核对","项目组疫苗导师","2026-9-17","仓库PDF第1、2、3页：文题、摘要/方法及出版栏。可见内容不足以归入现有分类，保留unknown。","","RAG/疫苗技术路线与产品类型/结构引导设计的广泛交叉反应多价链球菌疫苗.pdf","unknown","James B. Dale, Michelle P. Aranha, Thomas A. Penfound, Sanaz Salehi, Jeremy C. Smith","2023-08-02","2023","low","academic_paper","existing_approved","016a36789c9ce3b17ee2d9b2fc8da59af2b2d61f4765b331e44bb41f31e0d417"
"doc_30d27f861c9396fec311f662","Vaccine efficacy and immune interference: co-administering COVID-19 and influenza vaccines","文献类型未知；元数据置信度低；完整发布日期缺失","unknown","Elsevier","2021-11-17","2021","已核对","项目组疫苗导师","2026-9-17","仓库PDF第1、2、3页：文题、摘要/方法及出版栏。可见内容不足以归入现有分类，保留unknown。","","RAG/疫苗 有效性与免疫持久性/疫苗效力与免疫干扰：新冠与流感疫苗联合接种.pdf","unknown","Daniel M Altmann","","2020","low","academic_paper","existing_approved","aa514677ef1e64eba92734bacfb383cd8c228b412f0c5039a59fc81ac6a3542b"
"doc_33446af1d556db861dc3d58a","Covid-19 Vaccine safety and adverse event analysis from Pakistan","文献类型未知；元数据置信度低；完整发布日期缺失","unknown","Elsevier","","2022","已核对","项目组疫苗导师","2026-9-17","仓库PDF第1、2、3页：文题、摘要/方法及出版栏。可见内容不足以归入现有分类，保留unknown。","","RAG/疫苗安全性/巴基斯坦新冠疫苗安全性及不良事件分析.pdf","unknown","Syed Shahzad Hasan","","2020","low","academic_paper","existing_approved","c65409a224985d2f1d01edf19006fd1fdad828addfea52504e6c2f2fab4f1343"
"doc_359fb0512a3a2153bd827335","无权限下载pdf的","文献类型未知；元数据置信度低；下载占位，需补原文","unknown","unknown","","","已核对","项目组疫苗导师","2026-9-17","仓库DOCX摘要段：未取得全文，含多篇摘要；仅核对可见书目信息。","","RAG/特殊人群接种策略·/无权限下载pdf的.docx","unknown","unknown","2023-04-08","2023","low","download_placeholder","existing_approved","3ca96e16038c284b6bbc634eb9d6cc262a6ec415f0d8b4e88ddf1058360e74d0"
"doc_3661ff25de821d713174b97d","Macrophages direct location-dependent recall of B cell memory to vaccination","文献类型未知；元数据置信度低；完整发布日期缺失","unknown","Elsevier","2025-06-26","2025","已核对","项目组疫苗导师","2026-9-17","仓库PDF第1、2、3页：文题、摘要/方法及出版栏。可见内容不足以归入现有分类，保留unknown。","","RAG/病原体、疾病负担与疫苗机理/巨噬细胞通过位置依赖性回忆B细胞记忆直接回忆疫苗接种.pdf","unknown","Rama Dhenni","","2025","low","academic_paper","existing_approved","1e37ab927eb875d7ce0e39701495471e0e294f6a67011c2ae8c6e02e3b97abd4"
"doc_36fd17a645de18dec47869b1","Progress in Immunization Safety Monitoring — Worldwide, 2020–2022","文献类型未知；元数据置信度低；完整发布日期缺失","unknown","美国疾病控制与预防中心（CDC）","2023-12-08","2023","已核对","项目组疫苗导师","2026-9-17","仓库PDF第1、2、3页：文题、摘要/方法及出版栏。可见内容不足以归入现有分类，保留unknown。","","RAG/疫苗安全性/免疫安全监测进展——全球，2020-2022年.pdf","unknown","Centers for Disease Control and Prevention","","2020","low","academic_paper","existing_approved","a0ff147f21343035f4412815f4aac30f31280329bcec89017ec9581a3eac2cd8"
"doc_39979b9071f2ff8449a871e0","Why does gender matter for immunization?","文献类型未知；元数据置信度低；完整发布日期缺失","unknown","Elsevier","2022-12-10","2024","已核对","项目组疫苗导师","2026-9-17","仓库PDF第1、2、3页：文题、摘要/方法及出版栏。可见内容不足以归入现有分类，保留unknown。F为网络首发日期，G为期刊年份。","","RAG/疫苗接种政策方案与卫生经济学/为什么性别对免疫接种很重要？.pdf","unknown","Goodman Tracey","","2024","low","academic_paper","existing_approved","8bb9f655886cfda89aabbd22f0085afefe5506d0fb3addb0dfd61bef8c1963c2"
"doc_44b049b62a3253985bf875bf","Vaccine hesitancy: evidence from an adverse events following immunization database, and the role of cognitive biases","文献类型未知；元数据置信度低；完整发布日期缺失","unknown","unknown","","2021","已核对","项目组疫苗导师","2026-9-17","仓库PDF第1、2、3页：文题、摘要/方法及出版栏。可见内容不足以归入现有分类，保留unknown。","","RAG/疫苗安全性/疫苗犹豫：免疫后不良事件数据库的证据及认知偏差的作用.pdf","unknown","Hossein Azarpanah","","2021","low","academic_paper","existing_approved","75804478136cf9bc238e98911dbe2974e08a89bd32074c9b2eab643d8c41ea05"
"doc_4c703135258fc1dd5b0374fb","针对记忆T细胞代谢以提升免疫力","文献类型未知；元数据置信度低；完整发布日期缺失","review_unspecified","unknown","","2022","已核对","项目组疫苗导师","2026-9-17","仓库PDF第1、2、3页：文题、摘要/方法及出版栏。","","RAG/病原体、疾病负担与疫苗机理/针对记忆T细胞代谢以提升免疫力.pdf","unknown","unknown","","","low","academic_paper","existing_approved","019029e251c8f6b310ae670470fede443eb30778be0f82a99ada0e4fd07ecf5c"
"doc_4c853c69439d9fb6bc682bd8","Advances in the design and development of SARS-CoV-2 vaccines","文献类型未知；元数据置信度低；完整发布日期缺失","review_unspecified","unknown","","2021","已核对","项目组疫苗导师","2026-9-17","仓库PDF第1、2、3页：文题、摘要/方法及出版栏。","","RAG/疫苗技术路线与产品类型/SARS-CoV-2疫苗设计和开发的进展.pdf","unknown","Xue-Liang Peng","","2021","low","academic_paper","existing_approved","aebd594a4649bfa628be13495675484be482ede43bc6f47c86f034efa3632870"
"doc_546b550f8a8de851a3aaa42d","疫苗为何重要：理解常规疫苗接种带来的更广泛健康、经济和儿童发展益处","文献类型未知；元数据置信度低；完整发布日期缺失","unknown","Taylor & Francis","","2020","已核对","项目组疫苗导师","2026-9-17","仓库PDF第1、2、3页：文题、摘要/方法及出版栏。可见内容不足以归入现有分类，保留unknown。","","RAG/疫苗接种政策方案与卫生经济学/疫苗为何重要：理解常规疫苗接种带来的更广泛健康、经济和儿童发展益处.pdf","unknown","unknown","","2020","low","academic_paper","existing_approved","9c902e5f5fdf1290a6828fa0c7d650f84e2e5bbe2e6aa99a0e9f11a1778a95fa"
"doc_5476352f594c4f4063ba1a89","COVID-19 vaccination for people with severe mental illness: why, what, and how?","文献类型未知；元数据置信度低；完整发布日期缺失","unknown","Elsevier","2021-02-03","2021","已核对","项目组疫苗导师","2026-9-17","仓库PDF第1、2、3页：文题、摘要/方法及出版栏。可见内容不足以归入现有分类，保留unknown。","","RAG/特殊人群接种策略·/重症精神疾病患者接种新冠疫苗：为什么、什么以及如何接种？.pdf","unknown","Victor Mazereel MD","","2020","low","academic_paper","existing_approved","701ae6bb2c89b6f870b76a973b7120cf743725e1bbaf6badd74c54e32c7b70fa"
"doc_58de1710c54b8eccdc242dd9","PNAS202206333_proof.pdf","文献类型未知；元数据置信度低；完整发布日期缺失","unknown","PNAS","2022-11-02","2022","已核对","项目组疫苗导师","2026-9-17","仓库PDF第1、2、3页：文题、摘要/方法及出版栏。可见内容不足以归入现有分类，保留unknown。","","RAG/疫苗技术路线与产品类型/评估一种四价核苷修饰mRNA疫苗，能保护其免受2型流感病毒的侵害.pdf","unknown","unknown","","2022","low","academic_paper","existing_approved","119d4b27ba9f27f2b788296d5ad7faa3a95ccceb2f60f795b1e72b7e22580c58"
"doc_5e08b1cbc9d9df20de9c8318","Global burden of chikungunya virus infections and the potential benefit of vaccination campaigns","文献类型未知；元数据置信度低；完整发布日期缺失","unknown","unknown","2025-06-10","2025","已核对","项目组疫苗导师","2026-9-17","仓库PDF第1、2、3页：文题、摘要/方法及出版栏。可见内容不足以归入现有分类，保留unknown。","","RAG/病原体、疾病负担与疫苗机理/全球基孔肯雅病毒感染负担及疫苗接种运动的潜在益处.pdf","unknown","Gabriel Ribeiro dos Santos","","2024","low","academic_paper","existing_approved","fb516fdb4bd0819f5e19bb684777029146e65d4f2aa87a5854dfe0944bf86fd7"
"doc_5f0b4ce45b1b420e3cf48fbc","OP-JAMI230087 317..328","文献类型未知；元数据置信度低；完整发布日期缺失","randomized_controlled_trial","Oxford University Press","","2024","已核对","项目组疫苗导师","2026-9-17","仓库PDF第1、2、3页：文题、摘要/方法及出版栏。","","RAG/权威指南、科普数字化与可视化/互动式且量身定制的数据可视化在促进老年人接种流感疫苗方面有效吗？随机实验的证据.pdf","unknown","unknown","","2024","low","academic_paper","existing_approved","1b36dc47c08f6f4b03f059432dd991fe76df8f67d9e13ac1569e2289b03266c3"
"doc_62ce36d65e548e0cfc69ab3c","Public policy for meningococcal vaccination","文献类型未知；元数据置信度低；完整发布日期缺失","unknown","Taylor & Francis","","2018","已核对","项目组疫苗导师","2026-9-17","仓库PDF第1、2页：文题、摘要/方法及出版栏。可见内容不足以归入现有分类，保留unknown。","","RAG/疫苗接种政策方案与卫生经济学/脑膜炎球菌疫苗的公共政策.pdf","unknown","J. Claire Cameron","","2018","low","academic_paper","existing_approved","57d76802e2352277479a9aea686a899364e6f6c0f371d67ccd3145cd2e7a625f"
"doc_62d129b41efd750a899de707","B cell memory: building two walls of protection against pathogens","文献类型未知；元数据置信度低；完整发布日期缺失","review_unspecified","Springer Nature","","2020","已核对","项目组疫苗导师","2026-9-17","仓库PDF第1、2、3页：文题、摘要/方法及出版栏。","","RAG/病原体、疾病负担与疫苗机理/B细胞记忆.pdf","unknown","Munir Akkaya","","1965","low","academic_paper","existing_approved","90296a6fada1aedeba24a163290ac4cddafba7cceef97e95bd7a69d4fccd1798"
"doc_6a9503ab6155f64b4ab81336","Predicting vaccination hesitancy: The role of basic needs satisfaction and institutional trust","文献类型未知；元数据置信度低；完整发布日期缺失","unknown","Elsevier","2024-05-03","2024","已核对","项目组疫苗导师","2026-9-17","仓库PDF第1、2、3页：文题、摘要/方法及出版栏。可见内容不足以归入现有分类，保留unknown。","","RAG/疫苗犹豫健康科普传播/预测疫苗接种犹豫.pdf","unknown","Gaëlle Marinthe","","2024","low","academic_paper","existing_approved","ea174d76a38cddec3adab6747855346e8763e4c19da86825da96c5a79557eef0"
"doc_6c1959cd500b560c2f5e6de0","伤寒及伤寒疫苗经济证据回顾","文献类型未知；元数据置信度低；完整发布日期缺失","review_unspecified","Oxford University Press","","2019","已核对","项目组疫苗导师","2026-9-17","仓库PDF第1、2、3页：文题、摘要/方法及出版栏。","","RAG/疫苗接种政策方案与卫生经济学/伤寒及伤寒疫苗经济证据回顾.pdf","unknown","unknown","","2000","low","academic_paper","existing_approved","d83954bdc8410a9a5a07abb8d5d31fb3c7b87f95e643afca4488e381b01c3f58"
"doc_6d9ee09e44b764b90c35d3b8","疫苗沟通传播中的数字创新","文献类型未知；元数据置信度低；完整发布日期缺失","unknown","unknown","2025-02-13","2025","已核对","项目组疫苗导师","2026-9-17","仓库PDF第1、2、3页：文题、摘要/方法及出版栏。可见内容不足以归入现有分类，保留unknown。","","RAG/权威指南、科普数字化与可视化/疫苗沟通传播中的数字创新.pdf","unknown","unknown","","2025","low","academic_paper","existing_approved","37d71ef7325c1b8f485a408e0e7d113b128d16a0a9189e7d8871b9eca793d060"
"doc_731addcdc1d6d253abf12385","利用动态传播建模技术，系统性回顾高收入环境中轮状病毒疫苗接种成本效益","文献类型未知；元数据置信度低；完整发布日期缺失","systematic_review_meta_analysis","Elsevier","2023-07-19","2023","已核对","项目组疫苗导师","2026-9-17","仓库PDF第1、2、3页：文题、摘要/方法及出版栏。","","RAG/疫苗接种政策方案与卫生经济学/利用动态传播建模技术，系统性回顾高收入环境中轮状病毒疫苗接种成本效益.pdf","unknown","unknown","","2023","low","academic_paper","existing_approved","33e522f65b1b908a5cf614b0572eb577cfb948268877eb4946e648e7499ffa76"
"doc_739ff27be65001adea251b2d","TandF_KGMI_2563709 1..20","文献类型未知；元数据置信度低；完整发布日期缺失","review_unspecified","Taylor & Francis","","2025","已核对","项目组疫苗导师","2026-9-17","仓库PDF第1、2、3页：文题、摘要/方法及出版栏。","","RAG/疫苗 有效性与免疫持久性/肠道微生物群作为疫苗效力调节因子：对个性化疫苗接种的启示.pdf","unknown","unknown","","2025","low","academic_paper","existing_approved","a29aa5af2f5ceac6c58b1b086090010424ba891003acc11237c751d7076c93ff"
"doc_764a62b6e494491d5b7ba1fe","DNA Vaccines in the Post-mRNA Era: Engineering, Applications, and Emerging Innovations","文献类型未知；元数据置信度低；完整发布日期缺失","review_unspecified","MDPI","2025-09-07","2025","已核对","项目组疫苗导师","2026-9-17","仓库PDF第1、2、3页：文题、摘要/方法及出版栏。","","RAG/疫苗技术路线与产品类型/后mRNA时代的DNA疫苗：工程、应用与新兴创新.pdf","unknown","Praveen Neeli, Dafei Chai, Debanjana Roy, Shivank Prajapati and Srinivasa Reddy Bonam","","2025","low","academic_paper","existing_approved","e7a157f0d3e943b7fc7805febe20e3dc9d56db763fd61592810b412d8a467e2e"
"doc_7a0bec479ff2ede01d09f111","为发布后社交媒体研究推广准备信息图表","文献类型未知；元数据置信度低；完整发布日期缺失","unknown","The Korean Academy of Medical Sciences","2021-02-01","2021","已核对","项目组疫苗导师","2026-9-17","仓库PDF第1、2、3页：文题、摘要/方法及出版栏。可见内容不足以归入现有分类，保留unknown。","","RAG/权威指南、科普数字化与可视化/为发布后社交媒体研究推广准备信息图表.pdf","unknown","unknown","","2021","low","academic_paper","existing_approved","e524a05a6da6cd834250e2ad85ec8f0adc37dabb79cfb3d4e01ff55736074cef"
"doc_7bfe38a163c12942b130005a","Current Progress of Severe Fever with Thrombocytopenia Syndrome Virus (SFTSV) Vaccine Development","文献类型未知；元数据置信度低；完整发布日期缺失","review_unspecified","MDPI","2024-01-16","2024","已核对","项目组疫苗导师","2026-9-17","仓库PDF第1、2、3页：文题、摘要/方法及出版栏。","","RAG/疫苗技术路线与产品类型/血小板减少综合征病对疫苗开发中重度发热的当前进展.pdf","unknown","Dokyun Kim, Chih-Jen Lai, Inho Cha and Jae U. Jung","","2024","low","academic_paper","existing_approved","125cd99a2ed91c6e4d614e67a71d1105300bb533261216ae000a1dd84fb59944"
"doc_7c1506c7c29281d1ae5eb147","修订后的全球伤寒疫苗接种政策","文献类型未知；元数据置信度低；完整发布日期缺失","unknown","Oxford University Press","","2019","已核对","项目组疫苗导师","2026-9-17","仓库PDF第1、2、3页：文题、摘要/方法及出版栏。可见内容不足以归入现有分类，保留unknown。","","RAG/疫苗接种政策方案与卫生经济学/修订后的全球伤寒疫苗接种政策.pdf","unknown","unknown","","2018","low","academic_paper","existing_approved","7d2dadbd99735c075c426a48429e53cc772697e3db88d34b23033e5f93573410"
"doc_8236a65e23d2bcdf33d9f17a","Recent Advances in the Molecular Design and Delivery Technology of mRNA for Vaccination Against Infectious Diseases","文献类型未知；元数据置信度低；完整发布日期缺失","review_unspecified","Frontiers Media","2022-07-15","2022","已核对","项目组疫苗导师","2026-9-17","仓库PDF第1、2、3页：文题、摘要/方法及出版栏。","","RAG/疫苗技术路线与产品类型/mRNA分子设计和递送技术的最新进展.pdf","unknown","Lu Yang; Lin Tang; Ming Zhang; Chaoyong Liu","","2022","low","academic_paper","existing_approved","95a2611e4e028b746cff4009d144ca1b8359e02e14433dcceef3bf794b4c28a5"
"doc_82f01c2a9860c965a63c677d","Vaccine literacy: A concept analysis","文献类型未知；元数据置信度低；完整发布日期缺失","review_unspecified","John Wiley & Sons","","2022","已核对","项目组疫苗导师","2026-9-17","仓库PDF第1、2、3页：文题、摘要/方法及出版栏。","","RAG/疫苗犹豫健康科普传播/疫苗素养：概念分析.pdf","unknown","unknown","","2022","low","academic_paper","existing_approved","c2be1964d8cd7b3d3138ec4fe968cbbce5a5a947d848fe20b7d44ef9f3394063"
"doc_836be82812b5439998dcb794","针对COVID-19的mRNA加强针疫苗免疫反应的持久性","文献类型未知；元数据置信度低；完整发布日期缺失","unknown","unknown","2023-05-15","2023","已核对","项目组疫苗导师","2026-9-17","仓库PDF第1、2、3页：文题、摘要/方法及出版栏。可见内容不足以归入现有分类，保留unknown。","","RAG/疫苗 有效性与免疫持久性/针对COVID-19的mRNA加强针疫苗免疫反应的持久性.pdf","unknown","unknown","","","low","academic_paper","existing_approved","ff62b9034fe7ee951a1cc8c52202ec5a34cf2413e1b48d5a21cd5f284cf34b2c"
"doc_83d6aa39a2b05fa8e6e3b4b3","父母对儿童接种疫苗的犹豫：一项跨国心理测量与预测研究","文献类型未知；元数据置信度低；完整发布日期缺失","cross_sectional","Springer Nature","","2024","已核对","项目组疫苗导师","2026-9-25","仓库PDF第1、2、3页：文题、摘要/方法及出版栏。","","RAG/疫苗犹豫健康科普传播/父母对儿童接种疫苗的犹豫：一项跨国心理测量与预测研究.pdf","unknown","unknown","","2024","low","academic_paper","existing_approved","8de1d0872fe81a1df998cf21ae7d3876e76800c92c5978a4842a688a5785afdb"
"doc_8485603be4f49e3572851d4a","ASN.2022030300.pdf","文献类型未知；元数据置信度低；完整发布日期缺失","unknown","American Society of Nephrology","","2022","已核对","项目组疫苗导师","2026-9-25","仓库PDF第1、2、3页：文题、摘要/方法及出版栏。可见内容不足以归入现有分类，保留unknown。","","RAG/疫苗 有效性与免疫持久性/疫苗有效性的临床研究.pdf","unknown","unknown","","2015","low","academic_paper","existing_approved","19999145ec94ca3c478b5453c7901fa3c72eea6731f97b884396ffbb3d72cb6f"
"doc_85110a54653c1801b2d96211","A panel dataset of COVID-19 vaccination policies in 185 countries","文献类型未知；元数据置信度低；完整发布日期缺失","unknown","unknown","2023-07-06","2023","已核对","项目组疫苗导师","2026-9-25","仓库PDF第1、2、3页：文题、摘要/方法及出版栏。可见内容不足以归入现有分类，保留unknown。","","RAG/疫苗接种政策方案与卫生经济学/185个国家新冠疫苗接种政策的面板数据集.pdf","unknown","Emily Cameron-Blake","","2022","low","academic_paper","existing_approved","94d987920b4e70861cf1b94e564517117fbff1d0198db7838ff130ee7e80de72"
"doc_87c869b84c8c4aafa7a07769","TROPMED230545_proof.pdf","文献类型未知；元数据置信度低；完整发布日期缺失","review_unspecified","American Society of Tropical Medicine and Hygiene","","2025","已核对","项目组疫苗导师","2026-9-25","仓库PDF第1、2、3页：文题、摘要/方法及出版栏。","","RAG/病原体、疾病负担与疫苗机理/登革热病毒感染：免疫反应与治疗靶点.pdf","unknown","unknown","","2025","low","academic_paper","existing_approved","946963080687e85182439eac57c205d2685e9d2e9201316eb9ec79507cbd3d4a"
"doc_8e75ad94843777ea04e9d456","Pre-Clinical Studies of Inactivated Polyvalent HFRS Vaccine","文献类型未知；元数据置信度低；完整发布日期缺失","unknown","Frontiers Media","2020-11-02","2020","已核对","项目组疫苗导师","2026-9-25","仓库PDF第1、2、3页：文题、摘要/方法及出版栏。可见内容不足以归入现有分类，保留unknown。","","RAG/疫苗技术路线与产品类型/灭活多价HFRS疫苗的临床前研究.pdf","unknown","Tamara K. Dzagurova","","2020","low","academic_paper","existing_approved","3c1a8b9958cca54e7212cfec1b944cabf83cb967317c20ea153a850b8cab6a3c"
"doc_953b87c1596ab03164525bb6","特殊人群疫苗接种：保护弱势群体","文献类型未知；元数据置信度低；完整发布日期缺失","review_unspecified","Elsevier","2016-11-18","2016","已核对","项目组疫苗导师","2026-9-25","仓库PDF第1、2、3页：文题、摘要/方法及出版栏。","","RAG/特殊人群接种策略·/特殊人群疫苗接种：保护弱势群体.pdf","unknown","unknown","","2016","low","academic_paper","existing_approved","8ad567247df653019464b6a4421225bf0a63e7c2c1eb66fa552109c840f52bce"
"doc_9730e05fd1cc7b4db0370936","轮状病毒：从发病机制到疫苗接种","文献类型未知；元数据置信度低","review_unspecified","Elsevier","","2009","已核对","项目组疫苗导师","2026-9-25","仓库PDF第1、2、3页：文题、摘要/方法及出版栏。","","RAG/病原体、疾病负担与疫苗机理/轮状病毒：从发病机制到疫苗接种.pdf","unknown","unknown","2009-02-07","2009","low","academic_paper","existing_approved","6bd648c8b38bf95a228b437d955b4e24289683e2dd3435aaee45d1a47be25bd5"
"doc_979e0a67c50948b6f68121dc","轮状病毒疫苗接种与全球5岁以下儿童轮状病毒腹泻负担","文献类型未知；元数据置信度低；完整发布日期缺失","cross_sectional","unknown","2018-08-13","2018","已核对","项目组疫苗导师","2026-9-25","仓库PDF第1、2、3页：文题、摘要/方法及出版栏。","","RAG/病原体、疾病负担与疫苗机理/轮状病毒疫苗接种与全球5岁以下儿童轮状病毒腹泻负担.pdf","unknown","American Medical Association","","2016","low","academic_paper","existing_approved","4e4384814ce511ea517caacdcc13f91338cfbb7051c009540af84d8208dd5f88"
"doc_98405b55dbdf898f60f4d710","MMRV疫苗安全性：对儿科人群不良事件的全面分析","文献类型未知；元数据置信度低；完整发布日期缺失","unknown","Taylor & Francis","","2025","已核对","项目组疫苗导师","2026-9-25","仓库PDF第1、2、3页：文题、摘要/方法及出版栏。可见内容不足以归入现有分类，保留unknown。","","RAG/疫苗安全性/MMRV疫苗安全性：对儿科人群不良事件的全面分析.pdf","unknown","unknown","","2025","low","academic_paper","existing_approved","729b0ad2cadd46635ef54fad7ca30991628206c7376657b8b716c6e033fd90fd"
"doc_9a30a3c2db859bcf0c16c9c5","COVID-19疫苗犹豫：错误信息与疫苗安全性认知","文献类型未知；元数据置信度低；完整发布日期缺失","cross_sectional","Taylor & Francis","","2022","已核对","项目组疫苗导师","2026-9-25","仓库PDF第1、2、3页：文题、摘要/方法及出版栏。","","RAG/疫苗犹豫健康科普传播/COVID-19疫苗犹豫：错误信息与疫苗安全性认知.pdf","unknown","unknown","","2022","low","academic_paper","existing_approved","5197c7fbcc0eb19136465ad44fca8f272fa4634a3744bb3a5bc72c86a92a74e7"
"doc_9b7f96b70ecc7ba6ef99e708","疫苗在某一时间点的有效性","文献类型未知；元数据置信度低；完整发布日期缺失","unknown","Oxford University Press","2022-03-17","2023","已核对","项目组疫苗导师","2026-9-25","仓库PDF第1、2、3页：文题、摘要/方法及出版栏。可见内容不足以归入现有分类，保留unknown。F为网络首发日期，G为期刊年份。","","RAG/疫苗 有效性与免疫持久性/疫苗在某一时间点的有效性.pdf","unknown","unknown","","2023","low","academic_paper","existing_approved","69b744e84aa0f7bb645d1bc0b24b7918552a6f2f71f4f68b97f11fc021e0d0b0"
"doc_9cb0f893668b7f2f2ae41e67","无权限下载PDF","文献类型未知；元数据置信度低；完整发布日期缺失；下载占位，需补原文","unknown","Elsevier","2019-05-06","2019","已核对","项目组疫苗导师","2026-9-25","仓库DOCX摘要段：未取得全文，含多篇摘要；仅核对可见书目信息。E/F/G对应首条DOI 10.1016/j.coi.2019.04.003。","","RAG/病原体、疾病负担与疫苗机理/无权限下载PDF.docx","unknown","unknown","","2019","low","download_placeholder","existing_approved","819742cc17c8ca07de92b4b435b149b725c01910bf587afe64de16c1529f1f48"
"doc_9fd792ac3b7f4d742fac54ce","疫苗在抗击抗生素耐药性中的经济性和成本效益方面","文献类型未知；元数据置信度低；完整发布日期缺失","review_unspecified","Taylor & Francis","","2023","已核对","项目组疫苗导师","2026-9-25","仓库PDF第1、2、3页：文题、摘要/方法及出版栏。","","RAG/疫苗接种政策方案与卫生经济学/疫苗在抗击抗生素耐药性中的经济性和成本效益方面.pdf","unknown","unknown","","2023","low","academic_paper","existing_approved","c477644a4535f14858f3e7aae8ba68a433a0fe3173c9a608b09a07091164975f"
"doc_a1b461fe0062c3add1153863","Thomson","文献类型未知；元数据置信度低；完整发布日期缺失","review_unspecified","Wolters Kluwer Health","","2022","已核对","项目组疫苗导师","2026-9-25","仓库PDF第1、2、3页：文题、摘要/方法及出版栏。","","RAG/疫苗技术路线与产品类型/新型载体和疫苗平台：mRNA、DNA、病毒载体.pdf","unknown","unknown","","2022","low","academic_paper","existing_approved","3ade6bd7291f609539c5d645c8208bb71f65b673e029b6eed7299b353280f053"
"doc_a3949eab9b2eaa5d1127d18c","The early-life gut microbiome and vaccine efficacy","文献类型未知；元数据置信度低；完整发布日期缺失","review_unspecified","Elsevier","2022-09-08","2022","已核对","项目组疫苗导师","2026-9-25","仓库PDF第1、2、3页：文题、摘要/方法及出版栏。","","RAG/疫苗 有效性与免疫持久性/早期肠道微生物组与疫苗有效性.pdf","unknown","Anne Jordan MSc","","2022","low","academic_paper","existing_approved","3c4fc0af9654c26218d5d5ecb51c2bc54ab03640d61344210273f4cc5726df35"
"doc_a4b1706d5406698794f66877","Economic evaluation of meningococcal vaccines: considerations for the future","文献类型未知；元数据置信度低；完整发布日期缺失","review_unspecified","Springer Nature","2019-11-21","2020","已核对","项目组疫苗导师","2026-9-25","仓库PDF第1、2、3页：文题、摘要/方法及出版栏。F为网络首发日期，G为期刊年份。","","RAG/疫苗接种政策方案与卫生经济学/脑膜炎球菌疫苗的经济评估：未来展望.pdf","unknown","Hannah Christensen","","2020","low","academic_paper","existing_approved","ed26fe5ba8611fcfe2abad6963dd6285095db53fb2ecee1476d810d8bfe6c4cb"
"doc_abccdc6577517da5aadc3106","Germinal Center and Extrafollicular B Cell Responses in vaccination, immunity and autoimmunity","文献类型未知；元数据置信度低；完整发布日期缺失","review_unspecified","unknown","2020-12-15","2020","已核对","项目组疫苗导师","2026-9-25","仓库PDF第1、2、3页：文题、摘要/方法及出版栏。","","RAG/病原体、疾病负担与疫苗机理/生殖中心和滤泡外B细胞在疫苗接种、免疫和自身免疫中的反应.pdf","unknown","Rebecca A. Elsner, Mark J. Shlomchik","","2021","low","academic_paper","existing_approved","addddead44283834c7bbf92f59ec26570ad9b225d6af1b8d38a9b5bb5387c3c6"
"doc_af5b380f70c6dd5ac186bfd6","scls-2022-0748_XML 1..32","文献类型未知；元数据置信度低；完整发布日期缺失","review_unspecified","Science China Press、Springer Nature","2022-12-02","2023","已核对","项目组疫苗导师","2026-9-25","仓库PDF第1、2、3页：文题、摘要/方法及出版栏。F为网络首发日期，G为期刊年份。","","RAG/疫苗技术路线与产品类型/预防性和治疗性疫苗开发的当前进展.pdf","unknown","unknown","","2022","low","academic_paper","existing_approved","12ca3167606441047d6deeaa2e93699b0d955b67243054679cc1b53c3f1cbc22"
"doc_b08854feaaa0a9415a78e107","Persistent epigenetic memory of SARS-CoV-2 mRNA vaccination in monocyte-derived macrophages","文献类型未知；元数据置信度低；完整发布日期缺失","unknown","unknown","2025-03-25","2025","已核对","项目组疫苗导师","2026-9-25","仓库PDF第1、2、3页：文题、摘要/方法及出版栏。可见内容不足以归入现有分类，保留unknown。","","RAG/疫苗 有效性与免疫持久性/单核细胞来源巨噬细胞中SARS-CoV-2 mRNA疫苗接种的持久表观遗传记忆.pdf","unknown","Alexander Simonis","","2019","low","academic_paper","existing_approved","af219c0c3f99ba35cfbb9d38fac9eebb0dec170889808c2733de843e008a959f"
"doc_b191a7865294b58a746c2490","Design of patient-facing immunization visualizations affects task performance: an experimental comparison of 4 electronic visualizations","文献类型未知；元数据置信度低；完整发布日期缺失","unknown","Oxford University Press","2024-06-04","2024","已核对","项目组疫苗导师","2026-9-25","仓库PDF第1、2、3页：文题、摘要/方法及出版栏。可见内容不足以归入现有分类，保留unknown。","","RAG/权威指南、科普数字化与可视化/面向患者免疫可视化设计影响任务表现：4种电子可视化的实验比较.pdf","unknown","unknown","","2024","low","academic_paper","existing_approved","d3eb8a3301eefe344d8b7dd845491cc64bb665c4c33e1c67d4599cc7f17f7471"
"doc_b45dec75ab61130666ac53ec","Advancing the science of visualization of health data for lay audiences","文献类型未知；元数据置信度低；完整发布日期缺失","unknown","Oxford University Press","","2024","已核对","项目组疫苗导师","2026-9-25","仓库PDF第1、2、3页：文题、摘要/方法及出版栏。可见内容不足以归入现有分类，保留unknown。","","RAG/权威指南、科普数字化与可视化/推动面向普通大众健康数据可视化的科学发展.pdf","unknown","unknown","","2024","low","academic_paper","existing_approved","842bfcbc202e530d3f0b2b72aad0e20c4fab4bc10b89012d33ebc59786dbb742"
"doc_b5f2981b011368ad9cbe901b","Advancements in non","文献类型未知；元数据置信度低；下载占位，需补原文","unknown","unknown","","","已核对","项目组疫苗导师","2026-9-25","仓库DOCX摘要段：未取得全文，含多篇摘要；仅核对可见书目信息。","","RAG/疫苗技术路线与产品类型/无权限下载.docx","unknown","unknown","2012-04-06","2012","low","download_placeholder","existing_approved","d7ee0c17701d997b3acf263dce643ffe9bc4f6b1ac9c2f51c768c475d42756cb"
"doc_b921173077d4199bd5fdcfd3","Status of New Vaccine Introduction — Worldwide, 2016–2021","文献类型未知；元数据置信度低；完整发布日期缺失","unknown","美国疾病控制与预防中心（CDC）","2023-07-07","2023","已核对","项目组疫苗导师","2026-9-25","仓库PDF第1、2、3页：文题、摘要/方法及出版栏。可见内容不足以归入现有分类，保留unknown。","","RAG/疫苗技术路线与产品类型/全球新疫苗引入情况（2016-2021）.pdf","unknown","Centers for Disease Control and Prevention","","2016","low","academic_paper","existing_approved","f3cbe31075fe44c7ea071ec721aa9d1501d0d9100635f85f04ae4734b1665fbc"
"doc_bab939076b1aa6d765e8bffb","呼吸道合胞病毒：从发病机制到潜在治疗策略","文献类型未知；元数据置信度低","review_unspecified","Ivyspring International Publisher","2021-09-27","2021","已核对","项目组疫苗导师","2026-9-25","仓库PDF第1、2、3页：文题、摘要/方法及出版栏。","","RAG/病原体、疾病负担与疫苗机理/呼吸道合胞病毒：从发病机制到潜在治疗策略.pdf","unknown","unknown","2021-07-09","2021","low","academic_paper","existing_approved","469a8d1914b3fbd619181d11a6542987f36bb6a448166bf1d44afb68866c2379"
"doc_bb04928097a40ee6cb0b486e","媒体曝光及其与疫苗态度、意图和犹豫的关联","文献类型未知；元数据置信度低；完整发布日期缺失","systematic_review_meta_analysis","unknown","2026-04-28","2026","已核对","项目组疫苗导师","2026-9-25","仓库PDF第1、2、3页：文题、摘要/方法及出版栏。","","RAG/疫苗犹豫健康科普传播/媒体曝光及其与疫苗态度、意图和犹豫的关联.pdf","unknown","Unknown","","","low","academic_paper","existing_approved","c2f69432db4482cb5f114edbf64f1914e19942d63b8a4816eca56e9e4f277eba"
"doc_bd166408a14830a86c586836","疫苗安全性评估：评估益处与风险的实际因素","文献类型未知；元数据置信度低；完整发布日期缺失","unknown","Elsevier","2016-11-08","2016","已核对","项目组疫苗导师","2026-9-25","仓库PDF第1、2、3页：文题、摘要/方法及出版栏。可见内容不足以归入现有分类，保留unknown。","","RAG/疫苗安全性/疫苗安全性评估：评估益处与风险的实际因素.pdf","unknown","unknown","","2016","low","academic_paper","existing_approved","ba0cc4240a26e76d663eecb480d1bc12a220a2bfe8ea807dcc6d199fcd6745f7"
"doc_bf7e1a30142311954d9c9646","Trained immunity: a program of innate immune memory in health and disease","文献类型未知；元数据置信度低；完整发布日期缺失","unknown","unknown","2016-04-22","2016","已核对","项目组疫苗导师","2026-9-25","仓库PDF第1、2、3页：文题、摘要/方法及出版栏。可见内容不足以归入现有分类，保留unknown。","","RAG/病原体、疾病负担与疫苗机理/训练免疫.pdf","unknown","Mihai G. Netea, Leo A.B. Joosten, Eicke Latz, Kingston H.G. Mills, Gioacchino Natoli, Hendrik G. Stunnenberg, Luke A.J. O’Neill, Ramnik J. Xavier","","2017","low","academic_paper","existing_approved","a4d845f0f9be1392e8620ad1ddaa75194f42e8744c78e79b9e7b94a82b949bba"
"doc_c02b94cf9c1207805844a855","Research progress of mRNA vaccines for infectious diseases","文献类型未知；元数据置信度低；完整发布日期缺失","review_unspecified","Springer Nature","","2025","已核对","项目组疫苗导师","2026-9-25","仓库PDF第1、2、3页：文题、摘要/方法及出版栏。","","RAG/疫苗技术路线与产品类型/mRNA传染病疫苗的研究进展.pdf","unknown","Zhen Zhang","","2025","low","academic_paper","existing_approved","4c8173a7e4c65e9ff89564ae44310664436f29dc06ce85444a2c11170db8f79a"
"doc_c680c42bcbcafd5dfbd59efb","SARS-CoV-2二价mRNA疫苗，具有广泛保护力，针对关注变异株","文献类型未知；元数据置信度低；完整发布日期缺失","unknown","Frontiers Media","2023-05-24","2023","已核对","项目组疫苗导师","2026-9-25","仓库PDF第1、2、3页：文题、摘要/方法及出版栏。可见内容不足以归入现有分类，保留unknown。","","RAG/疫苗技术路线与产品类型/SARS-CoV-2二价mRNA疫苗，具有广泛保护力，针对关注变异株.pdf","unknown","unknown","","2023","low","academic_paper","existing_approved","4c33f500702c23d033cb02cce7321936c955af9a92f16d9ba3a35b5e899414bb"
"doc_ca1549cf815d07d706c22aec","Adenoviral-vectored next-generation respiratory mucosal vaccines against COVID-19","文献类型未知；元数据置信度低；完整发布日期缺失","review_unspecified","Elsevier","2023-05-11","2023","已核对","项目组疫苗导师","2026-9-25","仓库PDF第1、2、3页：文题、摘要/方法及出版栏。","","RAG/疫苗技术路线与产品类型/针对COVID19的腺病毒载体下一代呼吸粘膜疫苗.pdf","unknown","Sam Afkhami","","2020","low","academic_paper","existing_approved","45dddb735102943bb00775dc8486f37318466833fa0c2cc5740c71e700c8aa53"
"doc_d1118807753a09fff3559177","疫苗诱导免疫反应在HIV感染后14年内持续存在","文献类型未知；元数据置信度低；完整发布日期缺失","unknown","Elsevier","2020-01-10","2020","已核对","项目组疫苗导师","2026-9-25","仓库PDF第1、2、3页：文题、摘要/方法及出版栏。可见内容不足以归入现有分类，保留unknown。","","RAG/疫苗 有效性与免疫持久性/疫苗诱导免疫反应在HIV感染后14年内持续存在.pdf","unknown","unknown","","2020","low","academic_paper","existing_approved","589196cc286c7c74f2ef5215f0977116af0e900d46f4972a3dd3b2f8598a45a4"
"doc_d123091b075a9a2f2e845496","Vaccination hesitancy: To be vaccinated, or not to be vaccinated, that is the question in the era of COVID&#x02010;19","文献类型未知；元数据置信度低；完整发布日期缺失","unknown","Wiley","","2022","已核对","项目组疫苗导师","2026-9-25","仓库PDF第1、2、3页：文题、摘要/方法及出版栏。可见内容不足以归入现有分类，保留unknown。","","RAG/疫苗犹豫健康科普传播/疫苗接种犹豫：在新冠疫情时代，是否接种疫苗是个问题.pdf","unknown","unknown","","2022","low","academic_paper","existing_approved","625d8fe85f60ff192a0a4250b2e7499cb4beaa91c68044d40d98aa4ca7873863"
"doc_d16681dc92e75cd974fda0b2","Persistence of HBsAg&#x2010;specific antibodies and immune memory two to three decades after hepatitis B vaccination in adults","文献类型未知；元数据置信度低；完整发布日期缺失","unknown","John Wiley & Sons","","2019","已核对","项目组疫苗导师","2026-9-25","仓库PDF第1、2、3页：文题、摘要/方法及出版栏。可见内容不足以归入现有分类，保留unknown。","","RAG/疫苗 有效性与免疫持久性/HBsAg特异性抗体在成人接种乙肝疫苗后2至30年内的持续性及免疫记忆.pdf","unknown","unknown","","2010","low","academic_paper","existing_approved","fa2adcfedfa2b0c3ad2441e6d41510d8e17cb026fc3cf31ba683b3a4d4d15e25"
"doc_d27a0e8d146c3b4d3d2d3749","健康成年人接种日本脑炎疫苗后免疫反应的持续性：一项五年随访研究","文献类型未知；元数据置信度低；完整发布日期缺失","unknown","Elsevier","2019-04-05","2019","已核对","项目组疫苗导师","2026-9-25","仓库PDF第1、2、3页：文题、摘要/方法及出版栏。可见内容不足以归入现有分类，保留unknown。","","RAG/疫苗 有效性与免疫持久性/健康成年人接种日本脑炎疫苗后免疫反应的持续性：一项五年随访研究.pdf","unknown","unknown","","2019","low","academic_paper","existing_approved","191d651fa46ab874a600502bb9bee16504f477b8b54ab66a9c860b7b4850789f"
"doc_d40839e78643b22775090d1e","Emerging Concepts and Technologies in Vaccine Development","文献类型未知；元数据置信度低；完整发布日期缺失","review_unspecified","Frontiers Media","2020-09-30","2020","已核对","项目组疫苗导师","2026-9-25","仓库PDF第1、2、3页：文题、摘要/方法及出版栏。","","RAG/疫苗技术路线与产品类型/疫苗开发中的新兴概念与技术.pdf","unknown","Morgan Brisse","","2020","low","academic_paper","existing_approved","0e34e3c6437ca1311470ee799ddb58a5cdcc14d261a09af81fd32f2cabc9bffb"
"doc_d510765a985fb8b6ba3c4e20","Maternal Vaccination and Vaccine Hesitancy","文献类型未知；元数据置信度低；完整发布日期缺失","review_unspecified","Elsevier","","2023","已核对","项目组疫苗导师","2026-9-25","仓库PDF第1、2、3页：文题、摘要/方法及出版栏。","","RAG/疫苗犹豫健康科普传播/孕产妇疫苗接种与疫苗犹豫.pdf","unknown","Cynthia M. Rand MD MPH","","2020","low","academic_paper","existing_approved","1410b69ab6d767e2353c836cce2407013baf88730b17824ea632a8130746e5aa"
"doc_d7a555c9c1f530741fbd0b35","Immunogenicity and safety of concomitant vaccines given with 20-valent pneumococcal conjugate vaccine in healthy infants","文献类型未知；元数据置信度低；完整发布日期缺失","randomized_controlled_trial","Elsevier","2025-11-03","2025","已核对","项目组疫苗导师","2026-9-25","仓库PDF第1、2、3页：文题、摘要/方法及出版栏。","","RAG/疫苗安全性/健康婴儿中20价肺炎链球菌结合疫苗的免疫原性和安全性.pdf","unknown","Shelly Senders","","2025","low","academic_paper","existing_approved","ea46517eaff9d47c272fe3edc4b7eecbd20ec72b03b063f4b365fa3025c5c238"
"doc_d84cbfb3f3b9e826e124d4eb","Education level and COVID-19 vaccination willingness in adolescents","文献类型未知；元数据置信度低；完整发布日期缺失","cross_sectional","Springer Nature","2021-09-22","2023","已核对","项目组疫苗导师","2026-9-25","仓库PDF第1、2、3页：文题、摘要/方法及出版栏。F为网络首发日期，G为期刊年份。","","RAG/疫苗犹豫健康科普传播/青少年的教育水平与COVID-19接种意愿.pdf","unknown","Elke Humer","","2023","low","academic_paper","existing_approved","87da15b9d3417ea0aa17e6a2a360d0d4a590011c72efd64786e1642e3fb69169"
"doc_daf4b4b77a15bf64faf8fc1a","Divergent vaccination policies could fuel mistrust and hesitancy","文献类型未知；元数据置信度低","unknown","Elsevier","2021-06-01","2021","已核对","项目组疫苗导师","2026-9-25","仓库PDF第1、2页：文题、摘要/方法及出版栏。可见内容不足以归入现有分类，保留unknown。","","RAG/疫苗犹豫健康科普传播/疫苗接种政策的差异可能加剧不信任和犹豫.pdf","unknown","Rebecca Forman","2021-05-15","2021","low","academic_paper","existing_approved","0670b465604756946aa671d32f6d9c604842f8942a90944f88ff3a1ef8f9f46e"
"doc_ddb30557e21763504f66b5eb","From Monovalent to Multivalent Vaccines, the Exploration for Potential Preventive Strategies Against Hand, Foot, and Mouth Disease (HFMD)","文献类型未知；元数据置信度低；完整发布日期缺失","review_unspecified","Springer Nature","2020-09-30","2021","已核对","项目组疫苗导师","2026-9-25","仓库PDF第1、2、3页：文题、摘要/方法及出版栏。F为网络首发日期，G为期刊年份。","","RAG/疫苗技术路线与产品类型/从单价到多价疫苗，探索针对手足口病（HFMD）的潜在预防策略.pdf","unknown","Xiangchuan He","","2021","low","academic_paper","existing_approved","e56077d2886870f1fbb7aad2de31c66e893efa313dfeb90c797f14f754684ddb"
"doc_de4130d65432a5b752119bd5","Polyfunctional antibodies: a path towards precision vaccines for vulnerable populations","文献类型未知；元数据置信度低；完整发布日期缺失","review_unspecified","Frontiers Media","2023-06-27","2023","已核对","项目组疫苗导师","2026-9-25","仓库PDF第1、2、3页：文题、摘要/方法及出版栏。","","RAG/特殊人群接种策略·/多功能抗体：为易感人群迈向精准疫苗的路径.pdf","unknown","Ruth A. Purcell","","2023","low","academic_paper","existing_approved","8860d32f3c3bc7f5685770a5f42e22fa1be4e2ea2517332b3749315c55b37c1a"
"doc_e00a455120fd4a69cb4eeaa6","信息图表设计：提升教育、沟通与科学研究的视觉表现","文献类型未知；元数据置信度低；完整发布日期缺失","unknown","The Korean Academy of Medical Sciences","2022-06-29","2022","已核对","项目组疫苗导师","2026-9-25","仓库PDF第1、2、3页：文题、摘要/方法及出版栏。可见内容不足以归入现有分类，保留unknown。","","RAG/权威指南、科普数字化与可视化/信息图表设计：提升教育、沟通与科学研究的视觉表现.pdf","unknown","unknown","","2022","low","academic_paper","existing_approved","f473e0bdefc6a359cab1cbc88d1a4952a2a8a32cc543f5e39874507e207f358c"
"doc_e3888733053412dd69e740e8","bmjopen-2014-006422 1..10","文献类型未知；元数据置信度低；完整发布日期缺失","unknown","unknown","","2015","已核对","项目组疫苗导师","2026-9-25","仓库PDF第1、2、3页：文题、摘要/方法及出版栏。可见内容不足以归入现有分类，保留unknown。","","RAG/疫苗犹豫健康科普传播/父母的教育和收入重要吗？一项全国性的注册研究，针对挪威学校免疫项目中HPV疫苗接种情况.pdf","unknown","unknown","","2014","low","academic_paper","existing_approved","9d424f7d1b15243cb23f207f278fae3ed979540ebd7cf23239162ffec1733ee9"
"doc_e76676ea0c639e136c30cb4c","COVID-19 vaccination during pregnancy: coverage and safety","文献类型未知；元数据置信度低；完整发布日期缺失","cohort","Elsevier","","2022","已核对","项目组疫苗导师","2026-9-25","仓库PDF第1、2、3页：文题、摘要/方法及出版栏。","","RAG/特殊人群接种策略·/孕期COVID-19疫苗接种：覆盖与安全性.pdf","unknown","Helena Blakeway MD","","2020","low","academic_paper","existing_approved","6a83e77e9d32ce8a3266fae68dfe6f96dbf36596135367b722ae9d6be31850cd"
"doc_ea8d8e92d9ce4db5a9042197","Recent Progress in the Vaccine Development Against Epstein–Barr Virus","文献类型未知；元数据置信度低；完整发布日期缺失","review_unspecified","MDPI","2025-06-30","2025","已核对","项目组疫苗导师","2026-9-25","仓库PDF第1、2、3页：文题、摘要/方法及出版栏。","","RAG/病原体、疾病负担与疫苗机理/爱泼斯坦-巴尔病毒疫苗研发的最新进展.pdf","unknown","Yihao Dai, Botian Zhang, Luming Yang, Shuo Tao, Yijing Yu and Conglei Li","","2025","low","academic_paper","existing_approved","b4e015f681e6b69822cf4508d2df2c26589cb45aadcfba3dd1a6befb9e256813"
"doc_f227ea9f9eab4f06333801d2","The disease burden of influenza beyond respiratory illness","文献类型未知；元数据置信度低；完整发布日期缺失","review_unspecified","Elsevier","2020-10-09","2020","已核对","项目组疫苗导师","2026-9-25","仓库PDF第1、2、3页：文题、摘要/方法及出版栏。","","RAG/病原体、疾病负担与疫苗机理/流感除呼吸系统疾病外的疾病负担.pdf","unknown","Alejandro E. Macias","","2020","low","academic_paper","existing_approved","507a2fd18d80d49b29c60427f0126419901ca9b10dc6bea0c2c718617af2ae8c"
"doc_f2c3bb31ff97d284a6702b9c","Students’ age and parental level of education influence COVID-19 vaccination hesitancy","文献类型未知；元数据置信度低；完整发布日期缺失","cross_sectional","unknown","2021-12-22","2022","已核对","项目组疫苗导师","2026-9-25","仓库PDF第1、2、3页：文题、摘要/方法及出版栏。F为网络首发日期，G为期刊年份。","","RAG/疫苗犹豫健康科普传播/学生的年龄和家长教育程度会影响新冠疫苗接种的犹豫.pdf","unknown","Anna Zychlinsky Scharff","","2022","low","academic_paper","existing_approved","60a5eefa8366e1167d510e208f47c2c2c244a1f2ceadc993297a6acaa978e93f"
"doc_f6cf411a20081376ce977af0","从信号过载到共享洞察：创建和结构化科学视觉以促进理解与对话","文献类型未知；元数据置信度低；完整发布日期缺失","unknown","Frontiers Media","2026-02-13","2026","已核对","项目组疫苗导师","2026-9-25","仓库PDF第1、2、3页：文题、摘要/方法及出版栏。可见内容不足以归入现有分类，保留unknown。","","RAG/权威指南、科普数字化与可视化/从信号过载到共享洞察：创建和结构化科学视觉以促进理解与对话.pdf","unknown","unknown","","2026","low","academic_paper","existing_approved","c9f933964c2d309032de8b47953b2c24735db3685e32815ebd55483ff604c83d"
"doc_f73ad6ddfa7968262cea0fd4","疫苗安全检测信息系统","文献类型未知；元数据置信度低；完整发布日期缺失","review_unspecified","Taylor & Francis","","2022","已核对","项目组疫苗导师","2026-9-25","仓库PDF第1、2、3页：文题、摘要/方法及出版栏。","","RAG/疫苗安全性/疫苗安全检测信息系统.pdf","unknown","unknown","","2022","low","academic_paper","existing_approved","ea63945473d599abdd0e1034b10cb0f90f4a8f5e98a4b97fc7c15e76538492c9"
"doc_fd9fa6259ac96081015523f6","疫苗策略：优化效果","文献类型未知；元数据置信度低；完整发布日期缺失","unknown","Elsevier","2016-11-23","2016","已核对","项目组疫苗导师","2026-9-25","仓库PDF第1、2、3页：文题、摘要/方法及出版栏。可见内容不足以归入现有分类，保留unknown。","","RAG/疫苗接种政策方案与卫生经济学/疫苗策略：优化效果.pdf","unknown","unknown","","2016","low","academic_paper","existing_approved","93e74899d812a28d9228202f8e0d0735fbaf5f0061194f95b20a141c5bd55944"
"doc_1bdcfa8dd1a11bd5b39ed90e","早产儿、过敏体质儿童等，能接种疫苗吗？专家解答→","文献类型未知","science_communication","中国疾病预防控制中心","2025-07-08","2025","已核对","项目组疫苗导师","2026-9-25","仓库Markdown来源元数据及正文；原始链接：https://www.ndcpa.gov.cn/jbkzzx/c100040/common/content/content_1943477598019817472.html","","RAG/接种注意事项/早产儿、过敏体质儿童等，能接种疫苗吗？专家解答→.md","unknown","中国疾病预防控制中心","2025-07-08","2025","high","official_web","existing_approved","32bd422c5669ffa1e76dff2dd597131172823dfff0c2a660f22d518614f4bdb5"
"doc_24fd1a9e9e1e7c85e409dd81","关于将人乳头瘤病毒疫苗纳入国家免疫规划有关工作事宜的通知（国疾控卫免发〔2025〕16号）","文献类型未知","official_policy_or_reference","国家疾病预防控制局卫生与免疫规划司","2025-10-30","2025","已核对","项目组疫苗导师","2026-9-30","仓库Markdown来源元数据及正文；原始链接：https://www.ndcpa.gov.cn/jbkzzx/c100014/common/content/content_1983714327087452160.html","","RAG/常见疫苗相关介绍文件/HPV/七部委正式通知（含入学查验硬性规则，家长最常问 “不打不让上学吗”）.md","unknown","国家疾病预防控制局卫生与免疫规划司","2025-10-30","2025","high","official_web","existing_approved","392df7952539bd506badf491b57190a3dc0778a535e97fc9ea99458bffb9f539"
"doc_59c6f481fbb40bfcc9e4a9c8","Childhood Immunization Schedule for National Immunization Program Vaccines — China (Version 2021)","文献类型未知","guideline","中国疾病预防控制中心","2022-03-02","2022","已核对","项目组疫苗导师","2026-9-30","仓库Markdown来源元数据及正文；原始链接：https://en.chinacdc.cn/health_topics/immunization/202203/t20220302_257317.html","","RAG/常见疫苗相关介绍文件/乙型肝炎疫苗（乙肝）专项接种细则（母婴阻断、补种、早产儿）.md","unknown","中国疾病预防控制中心","2022-03-02","2022","high","official_web","existing_approved","d708229b74966464fdc266c4a8a1cce09a8cd4d7f4033eac8a28edbd71f29c69"
"doc_a91ba473fe3efa614fae96cb","疫苗流通和预防接种管理条例（2016年修正）","文献类型未知","official_policy_or_reference","中华人民共和国国务院","2016-04-23","2016","已核对","项目组疫苗导师","2026-9-30","仓库Markdown来源元数据及正文；原始链接：https://www.nhc.gov.cn/fzs/c100048/201808/96d982aa2e63428a8b77aeac1ffec7ff.shtml","","RAG/国家政策与免疫规划/疫苗流通和预防接种管理条例（2016修正）.md","unknown","国家卫生健康委员会（转存）","2005-03-24","2005","high","official_web","existing_approved","ee1a7e2eb45e0b10358a7c3c39929d66737b57b514124c04e7f806f783bd7769"
"doc_aae06e63e2d412d779d53772","中华人民共和国疫苗管理法","文献类型未知","official_policy_or_reference","全国人民代表大会常务委员会","2019-06-29","2019","已核对","项目组疫苗导师","2026-9-30","仓库Markdown来源元数据及正文；原始链接：http://www.npc.gov.cn/npc/c2/c30834/201907/t20190702_299244.html","","RAG/国家政策与免疫规划/中华人民共和国疫苗管理法.md","unknown","全国人民代表大会常务委员会","2019-06-29","2019","high","official_web","existing_approved","8a97ad4e601aa93dc877ceff606e57571558f9ac7a4bcb6b808ad37ea3c8ca52"
"doc_de57302a4a9b4ac181940c89","疫苗免疫预防（水痘）","文献类型未知","science_communication","中国疾病预防控制中心","2026-06-22","2026","已核对","项目组疫苗导师","2026-9-30","仓库Markdown来源元数据及正文；原始链接：https://www.chinacdc.cn/jkyj/mygh02/ymkyfjb/sd/202606/t20260622_1837288.html","","RAG/常见疫苗相关介绍文件/水痘疫苗国家疾控权威接种规范.md","unknown","中国疾病预防控制中心","2026-06-22","2026","high","official_web","existing_approved","8d833e6f0176b4c7ed2cea57575f1083d57bc47d80bf8ab2a5b014a3233a7643"
"doc_eb799ee5b7a7f15379fdf67a","doi:10.1016/j.coi.2009.05.019","文献类型未知","review_unspecified","Elsevier","","2009","已核对","项目组疫苗导师","2026-9-30","仓库PDF第1、2、3页：文题、摘要/方法及出版栏。","","RAG/病原体、疾病负担与疫苗机理/人类B细胞记忆.pdf","unknown","unknown","2009-05-01","2009","medium","academic_paper","existing_approved","ce6ad10a18138d2fcc918c760ea309d39208bd5bfd4be2ba466210bf6f239d5d"
"doc_124f96ced1fd8f80e76094c1","孕妇和哺乳期妇女的新冠疫苗接种：系统综述","元数据置信度低；完整发布日期缺失","systematic_review_meta_analysis","Taylor & Francis","","2021","已核对","项目组疫苗导师","2026-9-30","仓库PDF第1、2、3页：文题、摘要/方法及出版栏。","","RAG/特殊人群接种策略·/孕妇和哺乳期妇女的新冠疫苗接种：系统综述.pdf","systematic_review_meta_analysis","unknown","","2021","low","academic_paper","existing_approved","b764ce3ee6167489585ae34777b1a5efa6dd84d1057c402f0457fb342010cd8a"
"doc_20962936e7b5e80c1423e3d2","Persistence of immune response in heterologous COVID vaccination schedules in the Com-COV2 study – A single-blind, randomised trial incorporating mRNA, viral-vector and protein-adjuvant vaccines","元数据置信度低；完整发布日期缺失","randomized_controlled_trial","Elsevier","","2023","已核对","项目组疫苗导师","2026-9-30","仓库PDF第1、2、3页：文题、摘要/方法及出版栏。","","RAG/疫苗 有效性与免疫持久性/Com-COV2研究中异源COVID疫苗接种计划中免疫反应的持续性——一项单盲、随机试验，涵盖mRNA、病毒载体和蛋白佐剂疫苗.pdf","randomized_controlled_trial","Robert H. Shaw","","2020","low","academic_paper","existing_approved","2b59cdf774a586496db89ab8945f93bdd062c0d5013c1d559e2aabfb76887266"
"doc_2669c8f96ea94e68b6ff90ef","A systematic review of communication interventions for countering vaccine misinformation","元数据置信度低；完整发布日期缺失","systematic_review_meta_analysis","Elsevier","2023-01-09","2023","已核对","项目组疫苗导师","2026-9-30","仓库PDF第1、2、3页：文题、摘要/方法及出版栏。","","RAG/疫苗犹豫健康科普传播/针对疫苗错误信息的沟通干预措施.pdf","systematic_review_meta_analysis","Hannah S. Whitehead","","2020","low","academic_paper","existing_approved","2edfd283c2cba9aa30a318f0d5006e3f992fa6f199def2f95f0be9d3feef1c47"
"doc_2b5a96366f96a206ff53ce31","社交媒体作为提供质量保证且准确信息以提升疫苗接种率的有效提供者：系统综述","元数据置信度低；完整发布日期缺失","systematic_review_meta_analysis","unknown","2023-12-26","2023","已核对","项目组疫苗导师","2026-9-30","仓库PDF第1、2、3页：文题、摘要/方法及出版栏。","","RAG/疫苗犹豫健康科普传播/社交媒体作为提供质量保证且准确信息以提升疫苗接种率的有效提供者：系统综述.pdf","systematic_review_meta_analysis","Unknown","","2012","low","academic_paper","existing_approved","b49957d6451d8c85638d30958f700db75d95ea0ea7ac56e53c9e3df699656559"
"doc_49d02818a089b9c51c21d3d5","Cost-effectiveness of adult vaccinations: A systematic review","元数据置信度低","systematic_review_meta_analysis","unknown","2019-01-07","2019","已核对","项目组疫苗导师","2026-9-30","仓库PDF第1、2、3页：文题、摘要/方法及出版栏。","","RAG/疫苗接种政策方案与卫生经济学/成人疫苗的成本效益：系统综述.pdf","systematic_review_meta_analysis","Andrew J. Leidner, Neil Murthy, Harrell W. Chesson, Matthew Biggerstaff, Charles Stoecker, Aaron M. Harris, Anna Acosta, Kathleen Dooling, Carolyn B. Bridges","2018-11-05","2018","low","academic_paper","existing_approved","40ef8369796e31c0e4b65be6c92710d08597ffac1714a19d207fe1f3bee31472"
"doc_501886366ecb7914fc8a8392","成人COVID-19疫苗接种的接受与犹豫及其影响因素：系统综述研究","元数据置信度低；完整发布日期缺失","systematic_review_meta_analysis","John Wiley & Sons","","2024","已核对","项目组疫苗导师","2026-9-30","仓库PDF第1、2、3页：文题、摘要/方法及出版栏。","","RAG/疫苗犹豫健康科普传播/成人COVID-19疫苗接种的接受与犹豫及其影响因素：系统综述研究.pdf","systematic_review_meta_analysis","unknown","","2024","low","academic_paper","existing_approved","ed2d47204d2c25373afb942951c1b097f46182e0fe8d9f5fb8346ddea0df5061"
"doc_6eb7c8b58aba6305360f8825","Vaccination Strategies Against Hepatic Diseases: A Scoping Review","元数据置信度低；完整发布日期缺失","review_unspecified","MDPI","2025-12-31","2025","已核对","项目组疫苗导师","2026-9-30","仓库PDF第1、2、3页：文题、摘要/方法及出版栏。","","RAG/疫苗 有效性与免疫持久性/针对肝脏疾病的疫苗接种策略：范围范围综述.pdf","review_unspecified","Zahra Beyzaei, Bita Geramizadeh, Sara Karimzadeh and Ralf Weiskirchen","","2000","low","academic_paper","existing_approved","a7759ca951c1546cc88986044c75d795f959e0f3bfce3017ae3bb3f0e6c9b7c8"
"doc_738b3873bdbda27b4b43ab93","COVID-19 Vaccination Acceptance and Hesitancy in Healthcare Workers and the General Population: A Systematic Review and Policy Recommendations","元数据置信度低；完整发布日期缺失","systematic_review_meta_analysis","MDPI","2024-08-28","2024","已核对","项目组疫苗导师","2026-9-30","仓库PDF第1、2、3页：文题、摘要/方法及出版栏。","","RAG/疫苗犹豫健康科普传播/医护人员和普通人群的新冠疫苗接种接受度与犹豫：系统综述与政策建议.pdf","systematic_review_meta_analysis","Alessandra Pereira da Silva, Luciana Ribeiro Castaneda, Ana Paula Cavalcante de Oliveira, Inês Fronteira, Isabel Craveiro, Leila Senna Maia, Raphael Chança, Mathieu Boniol, Paulo Ferrinho and Mario Roberto Dal Poz","","2020","low","academic_paper","existing_approved","5da05b72ec2b0c522d1ac82edf2b1f38a20918f6e06e6198eab96bd159a67d37"
"doc_8b759390fb1c8e9e8b1d08bf","Interactive, Narrative-Based Digital Health Interventions for Vaccine Communication: Scoping Review","元数据置信度低；完整发布日期缺失","review_unspecified","MDPI","2025-12-02","2025","已核对","项目组疫苗导师","2026-9-30","仓库PDF第1、2、3页：文题、摘要/方法及出版栏。","","RAG/疫苗犹豫健康科普传播/互动式、叙事式数字健康干预疫苗沟通：范围范围评审.pdf","review_unspecified","Ahmed Haji Said, Fiona Syed, Isabelle Ma, Rida Akbar, Nidhi Ramprasad, Erin E. Reardon, Robert A. Bednarczyk, Kate Winskell and Lavanya Vasudevan","","2023","low","academic_paper","existing_approved","014ca89d1c7a291ba32dd201e961d6c2f63932d8f637dda0cd302e1d23b1ec72"
"doc_960255da47bcb7b55e1a0ec7","儿童和成人20价肺炎链球菌结合疫苗的成本效益分析：叙述性综述","元数据置信度低；完整发布日期缺失","narrative_review","Taylor & Francis","","2025","已核对","项目组疫苗导师","2026-9-30","仓库PDF第1、2、3页：文题、摘要/方法及出版栏。","","RAG/疫苗接种政策方案与卫生经济学/儿童和成人20价肺炎链球菌结合疫苗的成本效益分析：叙述性综述.pdf","narrative_review","unknown","","2025","low","academic_paper","existing_approved","f2b42b11608558dac302400e578ba4ab64c07677e3af9340a12ae8009bd7e56a"
"doc_9accceaf93cd71b26ae9bdfb","COVID-19 vaccination hesitancy among Malawians: a scoping review","元数据置信度低；完整发布日期缺失","review_unspecified","Springer Nature","","2024","已核对","项目组疫苗导师","2026-9-30","仓库PDF第1、2、3页：文题、摘要/方法及出版栏。","","RAG/疫苗犹豫健康科普传播/马拉维人对新冠疫苗接种犹豫：范围调查.pdf","review_unspecified","Ellen Nkambule","","2024","low","academic_paper","existing_approved","6e72259869fddd2e1067be187e5c95fafb2d501e3e8109e7efbc67518d85a3ee"
"doc_9d3b88f5814d126a33196a5c","Adverse events following COVID-19 vaccination: A systematic review and meta-analysis","元数据置信度低；完整发布日期缺失","systematic_review_meta_analysis","Elsevier","2022-05-30","2022","已核对","项目组疫苗导师","2026-9-30","仓库PDF第1、2、3页：文题、摘要/方法及出版栏。","","RAG/疫苗安全性/新冠疫苗接种后不良事件：系统综述与meta分析.pdf","systematic_review_meta_analysis","Hamidreza Kouhpayeh","","2020","low","academic_paper","existing_approved","5c2d8875a47251457ea8633af025e80e840d73e17617533b0adb4d19433014f8"
"doc_a5c92f9770a0dba12584eca1","全球宫颈癌预防HPV疫苗接种指南与趋势","元数据置信度低","narrative_review","unknown","2025-04-24","2025","已核对","项目组疫苗导师","2026-9-30","仓库PDF第1、2、3页：文题、摘要/方法及出版栏。","","RAG/权威指南、科普数字化与可视化/全球宫颈癌预防HPV疫苗接种指南与趋势.pdf","guideline","unknown","2024-11-05","2024","low","academic_paper","existing_approved","5cf7f81b1672c557a30a14b45c7c62b1a1f8a4394664c5d8872eb57caecd8585"
"doc_a7a55f1b32485097cb5b5848","Vaccine promotion strategies in community pharmacy addressing vulnerable populations: a scoping review","元数据置信度低；完整发布日期缺失","review_unspecified","Springer Nature","","2023","已核对","项目组疫苗导师","2026-9-30","仓库PDF第1、2、3页：文题、摘要/方法及出版栏。","","RAG/特殊人群接种策略·/社区药房针对弱势群体的疫苗推广策略：范围范围综述.pdf","review_unspecified","Alexandre Chadi","","2023","low","academic_paper","existing_approved","86eae0c2c3ee65bb184b103c94750ad3f4bda03deaeefdfe1cf77a104ba6d1d3"
"doc_ad38bafa4e8ca7eafeca8db8","HPV疫苗接种覆盖率、犹豫与障碍：来自中国上海（2019-2024）连续横断面研究的洞见","元数据置信度低；完整发布日期缺失","cross_sectional","Taylor & Francis","","2025","已核对","项目组疫苗导师","2026-9-30","仓库PDF第1、2、3页：文题、摘要/方法及出版栏。","","RAG/疫苗犹豫健康科普传播/HPV疫苗接种覆盖率、犹豫与障碍：来自中国上海（2019-2024）连续横断面研究的洞见.pdf","cross_sectional","unknown","","2019","low","academic_paper","existing_approved","2d4e355dc1f1275b0b64c0c451fc96900fe4494e9cc3392ce03e4a8b639230d1"
"doc_bf38f1acf5ccd4045c23a74e","A systematic review of communication interventions for countering vaccine misinformation","元数据置信度低；完整发布日期缺失","systematic_review_meta_analysis","Elsevier","2023-01-09","2023","已核对","项目组疫苗导师","2026-9-30","仓库PDF第1、2、3页：文题、摘要/方法及出版栏。","","RAG/权威指南、科普数字化与可视化/系统性综述针对疫苗错误信息的沟通干预措施.pdf","systematic_review_meta_analysis","Hannah S. Whitehead","","2020","low","academic_paper","existing_approved","2edfd283c2cba9aa30a318f0d5006e3f992fa6f199def2f95f0be9d3feef1c47"
"doc_bfa20ecdb8ca0406550df3dd","Human Papillomavirus Vaccination Guideline Update: American Cancer Society Guideline Endorsement","元数据置信度低；完整发布日期缺失","guideline","American Cancer Society","","2016","已核对","项目组疫苗导师","2026-9-30","仓库PDF第1、2、3页：文题、摘要/方法及出版栏。","","RAG/权威指南、科普数字化与可视化/人乳头瘤病毒疫苗接种指南更新：美国癌症协会指南认可.pdf","guideline","Debbie Saslow, Kimberly S. Andrews, Deana Manassaram-Baptiste, Lacey Loomer, Kristina E. Lam, Marcie Fisher-Borne, Robert A. Smith, Elizabeth T. H. Fontham","","2017","low","academic_paper","existing_approved","12a07de4616d6853245bfaefbc2a25fcd52e91db2ddc0c07d41011daead45915"
"doc_c51151e6291ad71feaaed75e","数字健康技术提升疫苗接种率的成本效益分析：系统综述","元数据置信度低；完整发布日期缺失","systematic_review_meta_analysis","unknown","2023-05-15","2023","已核对","项目组疫苗导师","2026-9-30","仓库PDF第1、2、3页：文题、摘要/方法及出版栏。","","RAG/疫苗接种政策方案与卫生经济学/数字健康技术提升疫苗接种率的成本效益分析：系统综述.pdf","systematic_review_meta_analysis","Unknown","","2022","low","academic_paper","existing_approved","72db829c549061555c59e182a93516cf8d464c47253278192390c702d5fb8379"
"doc_d1e477a818eaef7232f47be9","Efficacy and safety of vaccines to prevent respiratory syncytial virus infection in infants and older adults: A systematic review and meta-analysis","元数据置信度低；完整发布日期缺失","systematic_review_meta_analysis","Elsevier","","2024","已核对","项目组疫苗导师","2026-9-30","仓库PDF第1、2、3页：文题、摘要/方法及出版栏。","","RAG/疫苗 有效性与免疫持久性/预防婴幼儿及老年人呼吸道融合病毒感染疫苗的有效性和安全性：系统综述与meta分析.pdf","systematic_review_meta_analysis","Baoqi Zeng","","2024","low","academic_paper","existing_approved","63c6b27f2020da74b38039ddede24461723c33697037ef1464a9ea6fad43e601"
"doc_e1257df3c0e5b7235e85891a","基于理论的社交媒体干预与疫苗犹豫与行为改变：系统综述","元数据置信度低；完整发布日期缺失","systematic_review_meta_analysis","Oxford University Press","","2022","已核对","项目组疫苗导师","2026-9-30","仓库PDF第1、2、3页：文题、摘要/方法及出版栏。","","RAG/疫苗犹豫健康科普传播/基于理论的社交媒体干预与疫苗犹豫与行为改变：系统综述.pdf","systematic_review_meta_analysis","unknown","","2022","low","academic_paper","existing_approved","7bf21dfb33c5f769a13f3cc8dd4221a86f05c9f9d4f8bfe6be984b3756cf480c"
"doc_e7ac7e240b8e32f4480a2f4a","A guide to vaccinology: from basic principles to new developments","元数据置信度低；完整发布日期缺失","review_unspecified","Springer Nature","","2021","已核对","项目组疫苗导师","2026-9-30","仓库PDF第1、2、3页：文题、摘要/方法及出版栏。","","RAG/疫苗技术路线与产品类型/疫苗学指南：从基本原理到新发展.pdf","guideline","Andrew J. Pollard","","1960","low","academic_paper","existing_approved","5af6428507bdfc3929fe108115af3300aa179fe2e4f8681f1767747a44d6c1f5"
"doc_ebb7e8f28ce5781c23fc5080","乙型肝炎疫苗接种后不良事件报告：13年综述","元数据置信度低；完整发布日期缺失","unknown","Taylor & Francis","","2024","已核对","项目组疫苗导师","2026-9-30","仓库PDF第1、2、3页：文题、摘要/方法及出版栏。可见内容不足以归入现有分类，保留unknown。","","RAG/疫苗安全性/乙型肝炎疫苗接种后不良事件报告：13年综述.pdf","review_unspecified","unknown","","2024","low","academic_paper","existing_approved","eb855d788d63418c1bd1da59acc0d4a4460f42d2af390c4cbdcc59b73651c085"
"doc_f4258c9cc4666085572a4f0a","COVID-19 vaccines and adverse events of special interest: A multinational Global Vaccine Data Network (GVDN) cohort study of 99 million vaccinated individuals","元数据置信度低；完整发布日期缺失","cohort","Elsevier","2024-02-12","2024","已核对","项目组疫苗导师","2026-9-30","仓库PDF第1、2、3页：文题、摘要/方法及出版栏。","","RAG/疫苗安全性/COVID-19疫苗及特别关注的不良事件：一项针对9900万名接种者进行的多国全球疫苗数据网络（GVDN）队列研究.pdf","cohort","K. Faksova","","2024","low","academic_paper","existing_approved","fe00c9c3706560b327b61ae7ff7efec6a46d44d5379276b62d9174b5b4fe2b9f"
"doc_f7e8446436745216dfc76f5f","中国疫苗和免疫项目经济评估指南","元数据置信度低；完整发布日期缺失","guideline","Taylor & Francis","","2022","已核对","项目组疫苗导师","2026-9-30","仓库PDF第1、2、3页：文题、摘要/方法及出版栏。","","RAG/权威指南、科普数字化与可视化/中国疫苗和免疫项目经济评估指南.pdf","guideline","unknown","","2022","low","academic_paper","existing_approved","b2010566916fe5fbda715cc53c2bffc9c31c3655bf73dd7bda293229e62e13d2"
"doc_fa6234cc22def1b0f533146f","Global COVID-19 vaccine acceptance level and its determinants: an umbrella review","元数据置信度低；完整发布日期缺失","systematic_review_meta_analysis","Springer Nature","","2024","已核对","项目组疫苗导师","2026-9-30","仓库PDF第1、2、3页：文题、摘要/方法及出版栏。","","RAG/疫苗犹豫健康科普传播/全球COVID-19疫苗接受率及其决定因素：综述.pdf","review_unspecified","Biruk Beletew Abate","","2024","low","academic_paper","existing_approved","114728b4140a95853c4bee32b7545d64596f81ff7f73df637a96da7506794ebd"
"doc_fe6824795ef9290d8675b2bc","儿科血液学和肿瘤患者疫苗接种指南","元数据置信度低；完整发布日期缺失","guideline","Hindawi Publishing Corporation","2014-04-29","2014","已核对","项目组疫苗导师","2026-9-30","仓库PDF第1、2、3页：文题、摘要/方法及出版栏。","","RAG/权威指南、科普数字化与可视化/儿科血液学和肿瘤患者疫苗接种指南.pdf","guideline","unknown","","2014","low","academic_paper","existing_approved","a6f46efb022ff607e61c4bc4b01e27d971ce0079e1d858f355852b7840c92746"
"doc_0bb61982270e3fd49fc92bb1","Microsoft Word - 肠道病毒71型灭活疫苗使用技术指南","完整发布日期缺失","guideline","中国疾病预防控制中心","","2016","已核对","项目组疫苗导师","2026-9-30","仓库PDF第2、3页：文题、摘要/方法及出版栏。","","RAG/常见疫苗相关介绍文件/EV71 手足口疫苗（肠道病毒 71 型灭活疫苗使用技术指南 PDF 永久有效）.pdf","guideline","中国疾病预防控制中心","","2016","high","official_document","existing_approved","49d701941dea692b1389bdc357b161242fc5557dd6ceea2e6775cb6943d3d453"
"doc_191d4521b83ada955e8f3c44","Microsoft Word - 文档3","完整发布日期缺失","guideline","中国疾病预防控制中心","","","已核对","项目组疫苗导师","2026-9-30","仓库PDF第1、2、3页：文题、摘要/方法及出版栏。","","RAG/常见疫苗相关介绍文件/脊髓灰质炎（IPVbOPV）技术方案（新旧程序、免疫缺陷禁忌、补种）.pdf","guideline","jpky9","","2019","medium","official_document","existing_approved","573787029f5f8fa6ac939d9b2b5d7b84825455d83187786bd1367f54c1c469ef"
"doc_2016d4ea275d1a4d6b591b78","狂犬病暴露预防处置工作规范（2023年版）","","guideline","国家疾病预防控制局综合司、国家卫生健康委员会办公厅","2023-09-13","2023","已核对","项目组疫苗导师","2026-9-30","仓库Markdown来源元数据及正文；原始链接：https://www.chinacdc.cn/jkyj/crb2/yl/kqb/jswj_kqb/202409/P020240906525421817465.pdf","","RAG/国家政策与免疫规划/狂犬病暴露预防处置工作规范（2023年版）.md","guideline","国家疾病预防控制局综合司、国家卫生健康委员会办公厅","2023-09-13","2023","high","official_document","auto_classified","b056364f36c5655977b6a7e84aaa06582f4c2ff1a691c750b8b865bcd788d1c0"
"doc_3f941dbb24961d91c7083521","中国 CDC 官方 HPV 纳入免疫规划技术指南（英文原版 PDF，国内唯一完整技术细则，含补种、混用、禁忌症、特殊孩子接种）","完整发布日期缺失","guideline","中国疾病预防控制中心","","2025","已核对","项目组疫苗导师","2026-9-30","仓库PDF第1、2、3页：文题、摘要/方法及出版栏。","","RAG/常见疫苗相关介绍文件/HPV/中国 CDC 官方 HPV 纳入免疫规划技术指南（英文原版 PDF，国内唯一完整技术细则，含补种、混用、禁忌症、特殊孩子接种）.pdf","guideline","中国疾病预防控制中心","","2025","high","official_document","existing_approved","fa0fb24a265880eaf93b67af134eefb4474b51749a9d12f140ec49df8e5c4fcc"
"doc_4d1121186c8bdf830535e042","疫苗免疫原理科普（问答式）","完整发布日期缺失","science_communication","国家卫生健康委员会","","2016","已核对","项目组疫苗导师","2026-9-30","仓库Markdown来源元数据及正文；原始链接：https://www.nhc.gov.cn/wjw/jbyfykz/201604/e73973a39ece42fdba98e3d8a001acd7.shtml","","RAG/免疫学基础/卫健委官方疫苗免疫原理科普（问答式）.md","science_communication","国家卫生健康委员会","","2016","high","official_web","existing_approved","b6ce2cb432495927b5555ccd3aaf536da9215ed592ba2f232e4635942c698751"
"doc_5135f50b8801359b1e57e5ac","国家免疫规划百白破疫苗和白破疫苗免疫程序调整相关知识问答","","science_communication","国家疾病预防控制局卫生与免疫规划司","2025-01-10","2025","已核对","项目组疫苗导师","2026-9-30","仓库Markdown来源元数据及正文；原始链接：https://www.ndcpa.gov.cn/jbkzzx/c100040/common/content/content_1877524874852421632.html","","RAG/常见疫苗相关介绍文件/百白破/国家疾控局百白破大众知识问答（面向家长口语化细则，适合大厅快速检索）.md","science_communication","国家疾病预防控制局卫生与免疫规划司","2025-01-10","2025","high","official_web","existing_approved","a152b4e7f1bbf22374811ffdf139a9cd56e06555ac2ce313ebf7f3c715d8353b"
"doc_7169fe4f4c135343fb532c93","Microsoft Word - -ý¾Å—2§6-Ãs”pÑ+»¹⟦U+0010⟧⟦U+0006⟧«×M« ‘⟦U+0003⟧t•/¹H—ˆå-OA }.doc","完整发布日期缺失","guideline","中国疾病预防控制中心","","","已核对","项目组疫苗导师","2026-9-30","仓库PDF第1、2、3页：文题、摘要/方法及出版栏。","","RAG/常见疫苗相关介绍文件/麻腮风（MMR）专项技术文件（两剂程序、出疹发热、大龄补种）.pdf","guideline","中国疾病预防控制中心","","2020","high","official_document","existing_approved","f70e69364a07a18a52386875f560a223613aa255035aa4aeb01053677252f81f"
"doc_7ab6ffad2768640b4270d94c","预防接种工作规范","完整发布日期缺失","guideline","国家疾病预防控制局、国家卫生健康委员会","2023-11-30","2023","已核对","项目组疫苗导师","2026-9-30","仓库PDF第2、3页：文题、摘要/方法及出版栏。","","RAG/国家政策与免疫规划/预防接种工作规范 .pdf","guideline","叶家楷","","2023","medium","official_document","existing_approved","c8bd65cf49fe43b5e1b5ca25b12d47d162ecaae0f7d121f331ae99fbbc3b2662"
"doc_7f1e00587c6217d3764dce48","国家卫生健康委员会 - 2026 - 2025中国卫生健康统计年鉴","完整发布日期缺失","official_policy_or_reference","中国协和医科大学出版社","","2025","已核对","项目组疫苗导师","2026-9-30","仓库PDF第2、3页：文题、摘要/方法及出版栏。","","RAG/国家卫健委指南/国家卫生健康委员会 - 2026 - 2025中国卫生健康统计年鉴.pdf","official_policy_or_reference","国家卫生健康委员会","","2026","medium","official_document","auto_classified","9d3de20dfc1bff2218c271976fc9cbb842cf23ef67a0a3ca63aa7891001615b9"
"doc_83807a08c1eb2b19036f9d7c","卡疤，宝宝出生第一针的美好“logo”","","science_communication","中国疾病预防控制中心结核病预防控制中心","2023-04-23","2023","已核对","项目组疫苗导师","2026-9-30","仓库Markdown来源元数据及正文；原始链接：https://tb.chinacdc.cn/2019dfdt/202304/t20230423_265554.html","","RAG/常见疫苗相关介绍文件/卡介苗（BCG）接种科普 + 实操规范（化脓护理、补种、PPD）.md","science_communication","中国疾病预防控制中心结核病预防控制中心","2023-04-23","2023","high","official_web","existing_approved","4511b2d09d24705a9dc8b0329e68d67e88ba9464b8a6f63155f3e75b9a1e4a21"
"doc_8fa1aaf2b06cd3d61ebd43cc","《全民健康十万个为什么：免疫与接种》","完整发布日期缺失","science_communication","中国科协科普部、中华预防医学会","","2016","已核对","项目组疫苗导师","2026-9-30","仓库PDF第1、5页：封面/编委页及试读标记；不完整图书预览，仅核对可见书目。","","RAG/免疫学基础/《全民健康十万个为什么：免疫与接种》.pdf","science_communication","中国科协科普部、中华预防医学会","","2016","high","incomplete_preview","needs_review","779d15888fb725e80fb2c4d74c50f42d4373056b114b2a4b97bee8e054b36a66"
"doc_95ebd5dd73566bbb5616f6fc","中国疾控中心《百白破程序调整实施技术方案 PDF》（最全补种手册，RAG 必存）","完整发布日期缺失","guideline","中国疾病预防控制中心","","","已核对","项目组疫苗导师","2026-9-30","仓库PDF第1、2、3页：文题、摘要/方法及出版栏。","","RAG/常见疫苗相关介绍文件/百白破/中国疾控中心《百白破程序调整实施技术方案 PDF》（最全补种手册，RAG 必存）.pdf","guideline","系统管理员","","2024","medium","official_document","existing_approved","59356a4e659268202e48ea0489ecb4ef4a51e51bc157f6a28a970f26743e1a26"
"doc_9c3e5012a2896da672c5141a","疫苗免疫预防（人乳头瘤病毒感染）","","science_communication","中国疾病预防控制中心","2026-06-22","2026","已核对","项目组疫苗导师","2026-9-30","仓库Markdown来源元数据及正文；原始链接：https://www.chinacdc.cn/jkyj/mygh02/ymkyfjb/hpvgr/202606/t20260622_1837246.html","","RAG/常见疫苗相关介绍文件/HPV/国家疾控局 HPV 专项家长问答 + 全国执行细则（中文通俗实操版，适配大厅科普）.md","science_communication","中国疾病预防控制中心","2026-06-22","2026","high","official_web","existing_approved","a68249cc8bf5dfe988ee25b55b65bebe85e6bf051e2c147b5f2dddc95223a850"
"doc_add36369b65405a38254d560","《国家免疫规划疫苗儿童免疫程序及说明（2026 年版）PDF》（全国法定接种总表，HPV + 百白破双收录）","完整发布日期缺失","official_policy_or_reference","国家疾病预防控制局、国家卫生健康委员会","2026-07-03","2026","已核对","项目组疫苗导师","2026-9-30","仓库PDF第2、3页：文题、摘要/方法及出版栏。","","RAG/常见疫苗相关介绍文件/百白破/《国家免疫规划疫苗儿童免疫程序及说明（2026 年版）PDF》（全国法定接种总表，HPV + 百白破双收录）.pdf","official_policy_or_reference","Administrator","","2026","medium","official_document","existing_approved","d853760cb4f59f936e02517ab11a821d04993728bc1b71509f4f003eded1039b"
"doc_b2f476d0167806c9ce519949","预防接种工作规范（2023年版）","","guideline","国家疾病预防控制局、国家卫生健康委员会","2023-11-30","2023","已核对","项目组疫苗导师","2026-9-30","仓库PDF第2、3页：文题、摘要/方法及出版栏。","","RAG/免疫学基础/预防接种工作规范（2023年版）.pdf","guideline","叶家楷","2023-11-30","2023","high","official_document","existing_approved","c8bd65cf49fe43b5e1b5ca25b12d47d162ecaae0f7d121f331ae99fbbc3b2662"
"doc_ec5fec58f6722b0285540b24","国家免疫规划疫苗儿童免疫程序及说明（2026年版）","","official_policy_or_reference","国家疾病预防控制局、国家卫生健康委员会","2026-07-03","2026","已核对","项目组疫苗导师","2026-9-30","仓库PDF第2、3页：文题、摘要/方法及出版栏。","","RAG/国家政策与免疫规划/国家免疫规划疫苗儿童免疫程序及说明（2026年版）.pdf","official_policy_or_reference","Administrator","2026-07-03","2026","high","official_document","existing_approved","d853760cb4f59f936e02517ab11a821d04993728bc1b71509f4f003eded1039b"
"doc_faa129f1eaf7828bd14f7b80","免疫服务知识问答","","science_communication","中国疾病预防控制中心","2026-06-17","2026","已核对","项目组疫苗导师","2026-9-30","仓库Markdown来源元数据及正文；原始链接：https://www.chinacdc.cn/jkyj/mygh02/yfjzfw/jzfw/202606/t20260617_1836820.html","","RAG/免疫学基础/中国疾控 免疫基础 + 疫苗原理专题问答.md","science_communication","中国疾病预防控制中心","2026-06-17","2026","high","official_web","existing_approved","b73aaae73ae559e80535c71ebd76bd8b4d7bc272f876751bbeb1e5d4fd052572"
